Isole del Golfo	Ischia Porto	Hotel Mareblu Terme	https://www.hotelmareblu.it	Hotel 5 stelle	n/d	68 camere e suite terme interne spa piscina termale coperta sul mare centro Ischia Porto indipendente
Isole del Golfo	Ischia Porto	Grand Hotel Il Moresco	https://ilmoresco.it	Hotel 5 stelle	moresco@leohotels.it	Spa con terme vinotherapy giardino tropicale vista mare 71 camere gruppo Leo Hotels indipendente italiano
Isole del Golfo	Casamicciola Terme	Hotel Terme Manzi	https://hoteltermemanzi.it	Hotel 5 stelle	info@termemanzihotel.com	Palazzo storico fine 800 terme sorgente Gurgitello spa ristorante gourmet 56 camere indipendente
Isole del Golfo	Casamicciola Terme	Hotel Villa Sirena	https://www.hotelvillasirena.it	Hotel 3-4 stelle	n/d	Fronte mare terme storiche La Rita piscina termale struttura familiare indipendente
Isole del Golfo	Lacco Ameno	Albergo della Regina Isabella	https://www.reginaisabella.com	Hotel 5 stelle lusso	info@reginaisabella.it	Storico fondato da Angelo Rizzoli anni 50 4 piscine termali spa spiaggia privata 128 camere indipendente lusso
Isole del Golfo	Lacco Ameno	San Montano Resort & Spa	https://www.sanmontano.com	Hotel 5 stelle	info@sanmontano.com	3 ettari di parco 11 piscine termali spa fronte mare 69 camere suite indipendente familiare alta gamma
Isole del Golfo	Lacco Ameno	Grand Hotel delle Terme di Augusto	https://www.termediaugusto.it	Hotel 5 stelle	n/d	123 camere con balcone 3 piscine termali sorgente Panella centro benessere 2100 mq 100m dal mare indipendente
Isole del Golfo	Lacco Ameno	Park Hotel Terme Michelangelo	https://www.hotelmichelangeloischia.it	Hotel 4 stelle	info@hotelmichelangeloischia.it	Piscine termali centro benessere parco verde Via Provinciale Fango indipendente familiare
Isole del Golfo	Forio	Hotel Tritone Resort & Spa	https://www.hoteltritoneischia.it	Hotel 4 stelle	tritone@hoteltritoneischia.it	3 piscine termali acqua salino-alcalina programmi riabilitativi 110 camere indipendente
Isole del Golfo	Forio	Hotel Paradiso Terme Resort & Spa	https://www.hotelparadisoischia.com	Hotel 4 stelle	info@hotelparadisoterme.it	5 piscine termali in parco da 23000 mq Via San Giuseppe indipendente
Isole del Golfo	Forio	Park Hotel Terme Mediterraneo	https://www.hotelmediterraneo.it	Hotel 4 stelle	info@hotelmediterraneo.it	Immerso in 20000 mq tra frutteti e vigneti terme interne indipendente
Isole del Golfo	Forio	Hotel Terme Providence	https://www.providence.it	Hotel 4 stelle	hotelprovidenceterme.ischia@gmail.com	Panoramica sulla baia di Citara piscine termali e acqua dolce spa family hotel indipendente
Isole del Golfo	Forio	Il Gattopardo Hotel Terme & Beauty Farm	https://www.ilgattopardo.com	Hotel 4 stelle	info@ilgattopardo.com	Terme interne beauty farm giardino Via Mazzella indipendente familiare
Isole del Golfo	Serrara Fontana	Hotel Torre Sant'Angelo	https://www.torresantangelo.com	Hotel 4 stelle	info@torresantangelo.com	Su promontorio vista baia di Sant'Angelo atmosfera boutique indipendente
Isole del Golfo	Serrara Fontana	Hotel Villa Maria Sant'Angelo	https://en.villamariasantangelo.it	Hotel 3 stelle	info@villamariasantangelo.it	Convenzionato terme Aphrodite e Tropical Via Quadro 29 gestione familiare
Isole del Golfo	Barano d'Ischia	Hotel Terme Saint Raphael	https://www.hotelsaintraphaelischia.it	Hotel 4 stelle	info@saintraphael.it	Fronte spiaggia dei Maronti piscine termali centro benessere indipendente
Isole del Golfo	Capri	Grand Hotel Quisisana	https://www.quisisana.com	Hotel 5 stelle lusso	info@quisisana.com	148 camere Via Camerelle centro Capri icona dal 1845 ultra-lusso
Isole del Golfo	Capri	Capri Tiberio Palace	https://www.capritiberiopalace.it	Hotel 5 stelle	info@tiberiopalace.com	Gruppo Shedhir familiare locale centro Capri ristorante kosher Michelin SPA 55 camere
Isole del Golfo	Capri	Hotel Punta Tragara	https://www.manfredihotels.com/en/punta-tragara	Hotel 5 stelle lusso	info@hoteltragara.it	Gruppo Manfredi familiare napoletano Villa Le Corbusier 44 camere vista Faraglioni lusso esclusivo
Isole del Golfo	Capri	Hotel La Scalinatella	https://www.scalinatella.com	Hotel 5 stelle boutique	info@scalinatella.com	30 suite Via Tragara Best Hotel in the World Conde Nast altissimo lusso
Isole del Golfo	Capri	Hotel Villa Brunella	https://www.villabrunella.it	Boutique hotel 4 stelle	info@villabrunella.it	20 camere Via Tragara gestione familiare piscina ristorante vista Marina Piccola
Isole del Golfo	Capri	Villa Marina Capri Hotel & Spa	https://www.villamarinacapri.com	Hotel 5 stelle	reservations@villamarinacapri.com	Dimora storica inizio 900 Via Marina Grande indipendente parco secolare
Isole del Golfo	Anacapri	Hotel Caesar Augustus	https://www.caesar-augustus.com	Hotel 5 stelle lusso	info@caesar-augustus.com	56 camere scogliera a 300m sul mare Relais & Chateaux vista Baia di Napoli lusso boutique
Isole del Golfo	Anacapri	Casa Mariantonia	https://www.casamariantonia.com	Boutique hotel	info@casamariantonia.com	11 camere Via Orlandi 180 uno dei primi inn dell'isola giardino limoni charme
Isole del Golfo	Anacapri	Villa Ceselle	https://www.villaceselle.com	Boutique hotel	n/d	Piccola villa immersa nel verde zona quieta di Anacapri charme
Isole del Golfo	Capri	Motoscafisti di Capri	https://www.motoscafisticapri.com	Tour operator barca	info@motoscafisticapri.com	Cooperativa storica dal 1955 giro isola Grotta Azzurra Faraglioni pontile 0 Marina Grande
Isole del Golfo	Capri	Gianni's Boat	https://www.giannisboat.com	Tour operator barca	reservations@giannisboat.com	Tour privati Capri Costiera tramonto base Marina Grande premium
Isole del Golfo	Capri	Capri Precious	https://en.capriprecious.com	Tour operator barca	n/d	Tour privati e noleggio Grotta Azzurra calette contatti via WhatsApp form
Isole del Golfo	Capri	Capri Mia Boat Tours	https://www.caprimiaboattours.com	Tour operator barca	info@caprimiaboattours.com	Tour privati 2-8h Grotta Azzurra Faraglioni snorkeling Costiera
Isole del Golfo	Capri	Ciro Capri Boats	https://www.cirosboat.com	Tour operator barca	info@cirosboat.com	Skipper locale tour privati su gozzo Via Colombo 75 Capri
Isole del Golfo	Procida	Hotel Savoia	https://www.hotelsavoiaprocida.com	Hotel 3 stelle	info@hotelsavoiaprocida.com	16 camere Via Lavadera Marina Grande piscina storico albergo di famiglia
Isole del Golfo	Procida	La Suite Boutique Hotel & Spa	https://www.lasuiteresort.com	Hotel 4 stelle boutique	info@lasuiteresort.com	21 camere e suite giardino 5000 mq spa piscina lusso
Isole del Golfo	Procida	Hotel La Corricella	https://www.hotelcorricella.it	Hotel 3 stelle	info@hotelcorricella.it	9 camere Via Marina Corricella 88 terrazza solarium vista borgo dei pescatori charme
Isole del Golfo	Procida	Hotel La Casa sul Mare	https://www.lacasasulmare.it	Hotel 4 stelle	info@lacasasulmare.it	10 camere Salita Castello 13 palazzo 700 restaurato unico 4 stelle dell'isola lusso boutique
Isole del Golfo	Procida	San Michele Boutique Hotel	https://sanmicheleprocida.com	Hotel boutique	info@sanmicheleprocida.com	12 suite Marina Corricella bohemian luxury esperienziale
Isole del Golfo	Procida	Vi.Ta Procida Rooms	https://vitaprocidarooms.it	B&B	n/d	Baia della Chiaiozza apertura 2022 accesso privato al mare colazione vista mare
Isole del Golfo	Procida	B&B Il Patio	https://www.bbilpatio.it	B&B	n/d	Via Vittorio Emanuele 234 centro patio caratteristico vicino Spiaggia della Chiaia
Isole del Golfo	Procida	Pro Loco di Procida	http://www.prolocodiprocida.it	Tour operator / associazione turistica	prolocodiprocida@gmail.com	Via Roma 108 escursioni visite guidate gite in barca tour culturali
