area	citta	name	url	perf	seo	bp	stack	booking	images
Costiera Amalfitana	Salerno	Hotel Polo Nautico	https://www.hotelpolonautico.it	62	77	100	jQuery|jQuery UI|jQuery Mobile		https://www.hotelpolonautico.it/images/public/slider/mobile-big/dji00088_1657011107.png https://www.hotelpolonautico.it/images/public/slider/mobile-big/dji00022_1657010880.png https://www.hotelpolonautico.it/images/public/slider/mobile-big/terrazza_1657011198.jpg
Salerno	Salerno	Albergo Santa Rosa	https://www.albergosantarosa.it	57	92	77	wordpress|jQuery|jQuery Mobile|WordPress		https://www.albergosantarosa.it/wp-content/plugins/sitepress-multilingual-cms/res/flags/it.png https://www.albergosantarosa.it/wp-content/plugins/sitepress-multilingual-cms/res/flags/en.png https://www.albergosantarosa.it/wp-content/uploads/2018/12/bed-breakfast.png
Salerno	Salerno	Hotel Montestella 1914	https://montestella1914.it	49	85	81	wordpress|jQuery|jQuery UI|Modernizr|Underscore|Isotope|Mome	bedzzle	https://www.hotelmontestella.it/s5/wp-content/uploads/2025/09/firma-riccardo.jpg https://www.hotelmontestella.it/s5/wp-content/uploads/2025/07/175720016.jpg https://www.hotelmontestella.it/s5/wp-content/uploads/2025/07/175720015.jpg
Salerno	Salerno	Grand Hotel Salerno	https://www.grandhotelsalerno.com	49	85	73	wordpress|jQuery|jQuery UI|Isotope|WordPress		https://www.grandhotelsalerno.com/wp-content/plugins/polylang/flags/it.png https://www.grandhotelsalerno.com/wp-content/plugins/polylang/flags/gb.png https://www.grandhotelsalerno.com/wp-content/uploads/2020/10/hotel_stelle-01.png
Salerno	Salerno	Albergo del Centro Storico	http://albergodelcentrostorico.com	86	100	78	wordpress|nitropack|WordPress|NitroPack		
Salerno	Salerno	B&B Salerno Antica	https://www.salernoantica.com	34	100	57	wordpress|jQuery|jQuery UI|Underscore|Can|WordPress|core-js		https://www.salernoantica.com/wp-content/uploads/2020/08/Risorsa-3.png https://www.salernoantica.com/wp-content/uploads/2024/03/Progetto-senza-titolo-28-768x461.jpg https://www.salernoantica.com/wp-content/uploads/2024/03/Progetto-senza-titolo-3-1-768x461.jpg
Salerno	Salerno	B&B In Centro Storico Salerno	https://www.incentrostoricosalerno.it	43	85	96	wordpress|jQuery|jQuery UI|Can|WordPress|core-js		https://www.incentrostoricosalerno.it/wp-content/uploads/2019/11/slider02.jpg https://www.incentrostoricosalerno.it/wp-content/uploads/2019/11/slider01.jpg https://www.incentrostoricosalerno.it/wp-content/uploads/2019/11/slider03.jpg
Salerno	Salerno	Salerno Centro dimora storica	https://www.salernocentro.it	88	85	96	wordpress|jQuery|WordPress		https://www.salernocentro.it/wp-content/themes/w-salerno/img/it.png https://www.salernocentro.it/wp-content/themes/w-salerno/img/en.png https://www.salernocentro.it/wp-content/themes/w-salerno/img/it-b.png
Salerno	Salerno	Salerno Incoming DMC	https://www.salernoincoming.it	68	100	54	wordpress|jQuery|WordPress|core-js	fareharbor	https://www.salernoincoming.it/wp-content/uploads/2025/02/Button_Chat__1.webp https://www.salernoincoming.it/wp-content/uploads/2025/02/Button_UK__1.webp https://www.salernoincoming.it/wp-content/themes/lightreal/assets/images/agentsiocn-red.png
Salerno	Salerno	Campania Incoming	https://www.campaniaincoming.it	70	91	73	react|Bootstrap|jQuery|React		https://www.campaniaincoming.it/images/lang/it.png https://www.campaniaincoming.it/images/lang/en.png https://www.campaniaincoming.it/images/lang/es.png
Salerno	Cava de' Tirreni	Hotel Scapolatiello	https://www.hotelscapolatiello.it	65	85	77	wordpress|jQuery|jQuery UI|WordPress|core-js		https://hotelscapolatiello.it/wp-content/plugins/sitepress-multilingual-cms/res/flags/en.svg https://hotelscapolatiello.it/wp-content/plugins/sitepress-multilingual-cms/res/flags/it.svg https://hotelscapolatiello.it/wp-content/uploads/2025/08/HS_Late-checkout.webp
Salerno	Cava de' Tirreni	Hotel Victoria Maiorino	http://www.victoria-hotel.it	49	92	70	wordpress|LitElement|lit-html|Google Maps|jQuery|jQuery UI|W		http://www.victoria-hotel.it/wp-content/themes/victoriatema/images/languages/it.png http://www.victoria-hotel.it/wp-content/plugins/sitepress-multilingual-cms/res/flags/en.png http://www.victoria-hotel.it/wp-content/plugins/sitepress-multilingual-cms/res/flags/fr.png
Salerno	Cava de' Tirreni	Montecaruso Hotel Diecimare	https://montecaruso.it	63	100	92	wordpress|jQuery|Underscore|WordPress		https://montecaruso.it/wp-content/plugins/sitepress-multilingual-cms/res/flags/en.png https://montecaruso.it/wp-content/uploads/sites/19/2021/12/Colazione-1-768x413.png https://montecaruso.it/wp-content/uploads/sites/19/2021/12/Secondo-mare-2-768x413.png
Salerno	Cava de' Tirreni	Agriturismo Sant'Anna	https://s.anna1939.com	75	92	92	wordpress|jQuery|jQuery UI|WordPress		https://s.anna1939.com/wp-content/plugins/revslider/public/assets/assets/dummy.png https://s.anna1939.com/wp-content/uploads/2022/07/home_animals2_x2.png https://s.anna1939.com/wp-content/uploads/2022/09/home_animali_02_square-768x640.png
Salerno	Cava de' Tirreni	Mondo Trezza Travel	https://www.trezzatravel.it	55	83	92	Bootstrap|jQuery		https://www.mondotrezzatravel.it/public/utenti/210793/galleria/210793_evento_6469_7886.jpg https://www.mondotrezzatravel.it/public/utenti/210793/galleria/210793_evento_6465_2637.jpg https://www.mondotrezzatravel.it/public/utenti/210793/galleria/210793_evento_6463_17.png
Costiera Amalfitana	Vietri sul Mare	Lloyd's Baia Hotel	https://www.lloydsbaiahotel.it	44	85	96	wordpress|jQuery|Modernizr|yepnope|GreenSock JS|FlexSlider|W	simplebooking	https://www.lloydsbaiahotel.it/wp-content/uploads/2026/06/PROMO_WEB_SITE--768x432.jpg https://www.lloydsbaiahotel.it/wp-content/plugins/alo-easymail/images/wpspin_light.gif https://www.lloydsbaiahotel.it/wp-content/themes/lloydsbaia/svg/fb_white.svg
Costiera Amalfitana	Vietri sul Mare	Hotel Raito	https://www.hotelraito.it	84	100	77		blastness	
Costiera Amalfitana	Vietri sul Mare	Hotel Bristol	https://www.hotelbristolvietri.it	56	100	96	wordpress|jQuery|jQuery UI|WordPress|core-js	simplebooking	https://www.hotelbristolvietri.it/wp-content/plugins/revslider/sr6/assets/assets/dummy.png https://www.hotelbristolvietri.it/wp-content/uploads/2021/04/Pacchetto-Romantico1-768x368.jpg https://www.hotelbristolvietri.it/wp-content/uploads/2021/09/camera-vista-mare-cassetta-0003-768x512.jpg
Costiera Amalfitana	Vietri sul Mare	Hotel Vietri Coast	https://www.hotelvietricoast.com	56	100	96	wordpress|angular|jQuery|jQuery UI|Lo-Dash|Angular|Isotope|M	beddy	https://www.hotelvietricoast.com/it/wp-content/uploads/2024/09/Immagine-WhatsApp-2024-09-04-ore-17.11.00_0e775bb1-1.png https://www.hotelvietricoast.com/it/wp-content/plugins/revslider/sr6/assets/assets/dummy.png https://www.hotelvietricoast.com/it/wp-content/uploads/2024/08/Suite-2-720x470.jpg
Costiera Amalfitana	Vietri sul Mare	Hotel Voce del Mare	https://vocedelmare.it	56	100	100	Bootstrap|jQuery		https://www.vocedelmare.it/web/image/344-587db717/albergo.webp https://www.vocedelmare.it/web/image/411-f7fa78ef/g52.webp https://www.vocedelmare.it/web/image/website.s_blockquote_cover_default_image
Costiera Amalfitana	Positano	Le Sirenuse	https://sirenuse.it	54	92	100	jQuery|core-js		https://sirenuse.it/media/ffdb5qb3/sir-video-cut-teaser0.jpeg?width=960&format=webp&v=1dc01750666bcf0 https://sirenuse.it/media/qxdob5yf/le-sirenuse-hotel-positano_views_9997.jpg?width=768&height=576&format=webp&v=1d70b6a9d40d670 https://sirenuse.it/media/t0znt25c/sir-intro-04-new.jpg?width=768&height=576&format=webp&v=1dcab2d113a1750
Costiera Amalfitana	Positano	Il San Pietro di Positano	https://www.ilsanpietro.com	39	92	96	wordpress|jQuery|jQuery UI|Lo-Dash|Tween.js|WordPress|core-j		https://www.ilsanpietro.com/wp-content/uploads/2020/06/the-san-pietro-life-50-years-pt3-02-768x537.jpg https://www.ilsanpietro.com/wp-content/uploads/2025/06/newspress-collage-qgox8ttsr-1746739181268-768x512.webp https://www.ilsanpietro.com/wp-content/uploads/2024/09/Fishbeach-768x1149.jpeg
Costiera Amalfitana	Positano	Villa Treville	https://villatreville.com	65	85	96	wordpress|wp-rocket|jQuery|WordPress|WP Rocket		https://villatreville.com/wp-content/themes/villatreville/assets/images/pictogram.webp https://villatreville.com/wp-content/themes/villatreville/assets/images/partners/virtuoso.png https://villatreville.com/wp-content/themes/villatreville/assets/images/partners/xo.png
Costiera Amalfitana	Positano	Hotel Le Agavi	https://www.leagavi.it	59	100	54	gatsby|Gatsby|Workbox	blastness	https://www.leagavi.it/static/f34104166f3611627d784f5668df3781/1adf6/9b01a562-a65a-4c89-88d9-44225b75bdbd.webp https://www.leagavi.it/static/0a37e6f5f8b995c893b455fa53a6f09b/c9a1a/80ba0fce-d452-4b00-9ddf-2f129ae4be16.webp https://www.leagavi.it/static/09e29c8ad8d0a5883cc3a962eef69bd1/c9a1a/0428d73c-557d-4e3b-8846-de192255a4ef.webp
Costiera Amalfitana	Positano	Hotel Villa Franca	https://www.villafrancahotel.it	65	85	69	jQuery|Moment.js|FlexSlider	triptease	https://www.villafrancahotel.it//images/residence-positano.png https://www.villafrancahotel.it/images/grifone.png https://www.villafrancahotel.it/cms-admin/materiale/pagine/elemento-498-74/villa-franca-hotel.jpg
Costiera Amalfitana	Positano	Hotel Palazzo Murat	https://palazzomurat.it	69	100	96	Bootstrap|jQuery|Modernizr|Vue|core-js		
Costiera Amalfitana	Positano	Hotel Covo dei Saraceni	https://www.covodeisaraceni.it	73	92	96	joomla|jQuery|Joomla		https://www.covodeisaraceni.it/images/hotel-covo-dei-saraceni-positano-giorno.jpg https://www.covodeisaraceni.it/images/hotel-covo-dei-saraceni-positano-ingresso.jpg https://www.covodeisaraceni.it/images/hotel-covo-dei-saraceni-positano-notte.jpg
Costiera Amalfitana	Positano	Villa Magia	https://villamagiapositano.com	33	100	96	wordpress|jQuery|jQuery UI|Lo-Dash|WordPress|core-js	beddy	https://villamagiapositano.com/wp-content/uploads/2025/10/Hotel-Villa-Magia-Positano-Amalfi-Coast-experience-Immagine-WhatsApp-2024-03-08-ore-17.19.09_d9e49d58-e1761297307415-768x1167.webp https://villamagiapositano.com/wp-content/uploads/2025/10/Magia-Limo-Positano-Limousine-Transfer.jpg https://villamagiapositano.com/wp-content/uploads/2025/10/Hotel-Villa-Magia-Positano-Amalfi-Coast-experience-DSC03704_%C2%A9Brandnamic-e1761297373832-768x1194.webp
Costiera Amalfitana	Praiano	Casa Angelina	https://www.casangelina.com	64	100	96	wordpress|wp-rocket|jQuery|WordPress|core-js|WP Rocket		https://www.casangelina.com/wp-content/plugins/wpforms/assets/images/submit-spin.svg https://www.casangelina.com/wp-content/themes/casangelina/assets/images/home/textSwitch.png https://www.casangelina.com/wp-content/themes/casangelina/assets/images/home/textSwitchDark.png
Costiera Amalfitana	Praiano	Hotel Tramonto d'Oro	https://www.tramontodoro.it	65	92	100	wordpress|jQuery|jQuery UI|WordPress|core-js		https://www.tramontodoro.it/wp-content/uploads/elementor/thumbs/tramontodoro-141-q4wp0bomlee8r4mdtugz4lye9gfnapcdcmmyyh0k10.webp https://www.tramontodoro.it/wp-content/uploads/elementor/thumbs/tramontodoro-66-q4yhqrxgz6lvmtiemp32k112znxqbc2nfai06jmr8k.webp https://www.tramontodoro.it/wp-content/uploads/elementor/thumbs/tramontodoro-114-q4yhrfffq1i1p2k9th8qsd3luapwnrnxuit56gnwx0.webp
Costiera Amalfitana	Praiano	Hotel Onda Verde	https://www.ondaverde.it	75	92	100	wordpress|jQuery|jQuery UI|FastClick|WordPress		https://www.ondaverde.it/wp-content/uploads/2024/05/ondaverde_home_album1_4.jpg https://www.ondaverde.it/wp-content/uploads/2024/05/ondaverde_home_album1_3.jpg
Costiera Amalfitana	Praiano	Hotel Margherita	https://www.hotelmargherita.info	14	92	100	jQuery|jQuery UI|Modernizr|yepnope		
Costiera Amalfitana	Furore	Furore Grand Hotel	https://www.furoregrandhotel.com	33	92	73	wordpress|jQuery|jQuery UI|Hammer.js|WordPress|core-js		https://www.furoregrandhotel.com/wp-content/uploads/2024/08/FGH-Marchio-Orizzonale-White-768x457.png https://www.furoregrandhotel.com/wp-content/plugins/instagram-feed-pro/img/placeholder.png https://www.furoregrandhotel.com/wp-content/plugins/translatepress-multilingual/assets/images/flags/it_IT.png
Costiera Amalfitana	Conca dei Marini	Monastero Santa Rosa	https://monasterosantarosa.com	55	92	50	wordpress|jQuery|jQuery Mobile|WordPress		https://monasterosantarosa.com/wp-content/uploads/2019/12/Book-Your-Reservation-light-button.png https://monasterosantarosa.com/wp-content/uploads/2019/12/foto-monastero-old-per-interno-sfum-980x776.jpg https://monasterosantarosa.com/wp-content/uploads/2020/08/nun-old-photo-980x1323.jpg
Costiera Amalfitana	Conca dei Marini	Hotel Belvedere	https://belvederehotel.it	56	85	100	wordpress|jQuery|jQuery UI|Isotope|WordPress|core-js	simplebooking	https://www.belvederehotel.it/wp-content/uploads/2025/07/DJI_0068-scaled.jpg https://www.belvederehotel.it/wp-content/uploads/2025/03/DSC_2596-768x1152.jpg https://www.belvederehotel.it/wp-content/uploads/2025/03/DSC_4426-768x1154.jpg
Costiera Amalfitana	Amalfi	Hotel Santa Caterina	https://www.hotelsantacaterina.it	78	85	100	wordpress|jQuery|WordPress		https://www.hotelsantacaterina.it/wp-content/uploads/2024/11/DSC00744_lavorata-768x504.jpg https://www.hotelsantacaterina.it/wp-content/uploads/2022/10/entrance-hsc.png https://www.hotelsantacaterina.it/wp-content/uploads/2022/10/santa-caterina-floors-768x1152.jpg
Costiera Amalfitana	Amalfi	Borgo Santandrea	https://borgosantandrea.it	66	92	96	wordpress|jQuery|WordPress|core-js		https://borgosantandrea.it/wp-content/themes/borgosantandrea/build/img/select_down.png https://borgosantandrea.it/wp-content/themes/borgosantandrea/build/img/tile_tortora.png https://borgosantandrea.it/wp-content/plugins/wpforms/assets/images/submit-spin.svg
Costiera Amalfitana	Amalfi	Hotel Marina Riviera	https://www.marinariviera.it	47	57	92	nuxt|Lo-Dash|GreenSock JS|Vue|Nuxt.js|core-js	simplebooking	https://www.marinariviera.it/_nuxt/img/video-home.dca42b3.jpg https://www.marinariviera.it/_nuxt/img/box-bistrot-01.17df36e.jpg https://www.marinariviera.it/_nuxt/img/box-bistrot-02.6ef0260.jpg
Costiera Amalfitana	Amalfi	Hotel Luna Convento	https://www.lunahotel.it	66	92	100	jQuery|jQuery UI		https://www.lunahotel.it/images/1600/chiostro/1.jpg https://www.lunahotel.it/images/1600/camere/suite-luna/1-2.jpg https://www.lunahotel.it/images/1600/camere/suite-luna/9-copy.jpg
Costiera Amalfitana	Amalfi	Hotel Residence	https://www.residencehotel-amalfi.it	83	100	77		blastness	
Costiera Amalfitana	Amalfi	Hotel Lidomare	http://www.lidomare.it	72	92	74			http://www.lidomare.it/images/television.svg http://www.lidomare.it/images/wifi-sign.svg http://www.lidomare.it/images/hairdryer.svg
Costiera Amalfitana	Positano	Lucibello	https://www.lucibello.it	50	92	100	Bootstrap|jQuery|WebFont Loader|core-js		https://www.lucibello.it/images/payment-methods-lucibello-positano.png?v=d2fd https://www.lucibello.it/images/large/tbgc7958_private-boat-tour-to-capri-island-2.jpg?v=aa6a https://www.lucibello.it/images/large/tbgc10360_boat-party-amalfi-coast-lucibello-positano-4.jpg?v=d7d9
Costiera Amalfitana	Positano	L'Uomo e il Mare Plaghia Charter	https://www.escursioniluomoeilmare.it	62	92	96	Bootstrap|jQuery|WebFont Loader		https://www.escursioniluomoeilmare.it/images/tripadvisor-top-rated_330.png?v=b9c3 https://www.escursioniluomoeilmare.it/images/large/tbg776_capri-boat-tour-from-positano.jpeg?v=d633 https://www.escursioniluomoeilmare.it/images/large/tbg781_bost-tour-amalfi-coast-furore-fjord.jpeg?v=c361
Costiera Amalfitana	Amalfi	Amalfi Coast Destination	https://www.amalficoastdestination.com	39	85	92	wordpress|Bootstrap|LitElement|lit-html|Google Maps|jQuery|j		https://www.amalficoastdestination.com/wp-content/uploads/slider-01.jpg https://www.amalficoastdestination.com/wp-content/uploads/pt-amalficoast-01.jpg https://www.amalficoastdestination.com/wp-content/uploads/naplessorrento-01.jpg
Costiera Amalfitana	Ravello	Palazzo Avino	https://www.palazzoavino.com	69	92	96	wordpress|jQuery|WordPress		https://www.palazzoavino.com/wp-content/uploads/2020/04/book-now.svg https://www.palazzoavino.com/wp-content/themes/palazzo-avino/assets/images/lion.svg https://www.palazzoavino.com/wp-content/themes/palazzo-avino/assets/images/arrow.svg
Costiera Amalfitana	Ravello	Hotel Villa Cimbrone	https://www.hotelvillacimbrone.com	60	77	69	wordpress|Bootstrap|jQuery|jQuery UI|Backbone|Underscore|Wor		https://www.hotelvillacimbrone.com/wp-content/themes/hvc-theme/img/slide-arrow-button.png https://www.hotelvillacimbrone.com/wp-content/uploads/2019/10/230930_racjoe1121-1024x683.jpg https://www.hotelvillacimbrone.com/wp-content/uploads/2019/12/Hotel-Villa-Cimbrone-slide-home-1-1024x683.jpg
Costiera Amalfitana	Ravello	Hotel Rufolo	https://hotelrufolo.it	28	100	73	joomla|Bootstrap|jQuery|GreenSock JS|Joomla		https://www.hotelrufolo.com/images/slider/slide01.jpg https://www.hotelrufolo.com/images/slider/slide-h09.jpg https://www.hotelrufolo.com/images/slider/slide-h04.jpg
Costiera Amalfitana	Ravello	Hotel Graal	https://www.hotelgraal.it	43	92	73	Bootstrap|jQuery|Modernizr|Moment.js		https://www.hotelgraal.it/public/web/slideshow/thumb/hotel-graal-ravello-piscina-pool-panorama_247b184c07b7f301a611278e5fc9f95f.jpg https://www.hotelgraal.it/public/web/slideshow/thumb/hotel-graal-ravello-piscina-pool-g_ss_4a88bc9ee5c430d8e29ebc725995adf8.jpg https://www.hotelgraal.it/public/web/slideshow/thumb/hotel-graal-ravello-piscina-pool-j_ss_d99d4e005c0b0a1bb1ce2f6e2f5e34b6.jpg
Costiera Amalfitana	Ravello	Hotel Villa Fraulo	https://www.villafraulo.com	61	61	96	wordpress|jQuery|jQuery UI|GreenSock JS|WordPress|core-js		https://villafraulo.com/wp-content/uploads/2026/01/1024_entratalaterale.jpg https://villafraulo.com/wp-content/uploads/2026/01/1024_facciata-1.jpg https://villafraulo.com/wp-content/uploads/2026/01/1024_Suite_Idromassaggio_03_20191-768x576.jpg
Costiera Amalfitana	Ravello	Villa Scarpariello Relais	https://www.villascarpariellorelais.it	62	92	92	jQuery		https://www.villascarpariellorelais.it/images/home-alloggi-appartamenti-elena.jpg https://www.villascarpariellorelais.it/images/home-alloggi-appartamenti-emanuele.jpg https://www.villascarpariellorelais.it/images/home-alloggi-appartamenti-ficus.jpg
Costiera Amalfitana	Ravello	Ravello Art Hotel Marmorata	https://hotelmarmorata.com	62	100	96	Bootstrap|jQuery|Modernizr		
Costiera Amalfitana	Scala	Palazzo Pascal	https://palazzopascal.it	81	100	100	Bootstrap|jQuery|Modernizr|Moment.js	bedzzle	https://palazzopascal.it/public/finder/layout/immagini/ico-virtual-tour.webp https://palazzopascal.it/public/finder/layout/immagini/ico-calendar.webp https://palazzopascal.it/public/web/slideshow/thumb/tour-virtuale.webp
Costiera Amalfitana	Atrani	Palazzo Ferraioli Hotel & Wellness	https://www.palazzoferraioli.it	61	66	96	wordpress|jQuery|jQuery UI|WordPress|core-js		https://www.palazzoferraioli.it/wp-content/uploads/2026/02/shutterstock_1672716817-722x1024.webp https://www.palazzoferraioli.it/wp-content/uploads/2026/02/emi_1792-1024x684.webp https://www.palazzoferraioli.it/wp-content/uploads/2026/02/index-02.webp
Costiera Amalfitana	Atrani	Atrani Rooms	https://www.atranirooms.it	73	100	96	wordpress|wp-rocket|WordPress|WP Rocket		https://www.atranirooms.it/wp-content/uploads/2021/03/atrani-da-mare.jpg https://www.atranirooms.it/wp-content/uploads/2024/02/IMG_20230709_080338.webp https://www.atranirooms.it/wp-content/uploads/2021/02/salvia_rooms_amalfi_atrani.jpg
Costiera Amalfitana	Minori	Villa Romana Hotel & Spa	https://www.hotelvillaromana.it	82	100	81		blastness	
Costiera Amalfitana	Minori	Minori Palace	https://minoripalace.com	95	100	96	wordpress|jQuery|WordPress		https://minoripalace.com/wp-content/uploads/home-header-reception.webp https://minoripalace.com/wp-content/uploads/exterior-facade-768x511.jpg https://minoripalace.com/wp-content/uploads/bar-02.webp
Costiera Amalfitana	Minori	Hotel Europa	https://www.hoteleuropaminori.it	59	92	92	wordpress|react|jQuery|jQuery UI|React|Modernizr|yepnope|Wor		https://www.hoteleuropaminori.it/qwerty/wp-content/plugins/masterslider/public/assets/css/blank.gif https://www.hoteleuropaminori.it/qwerty/wp-content/uploads/2020/11/IMG_5122-815x458.jpg https://www.hoteleuropaminori.it/qwerty/wp-content/uploads/2017/09/002.jpg?id=2044
Costiera Amalfitana	Maiori	Hotel Botanico San Lazzaro	https://hbsl.com	65	92	73	wordpress|jQuery|WordPress		https://hbsl.com/wp-content/uploads/2023/11/Tavola-disegno-19.png https://hbsl.com/wp-content/plugins/sitepress-multilingual-cms/res/flags/en.svg https://hbsl.com/wp-content/uploads/2023/12/Hotel-Botanico-san-lazzaro.png
Costiera Amalfitana	Maiori	Reginna Palace Hotel	https://www.hotelreginna.it	72	85	100	wordpress|jQuery|jQuery UI|WordPress|core-js		https://www.hotelreginna.it/wp-content/plugins/sitepress-multilingual-cms/res/flags/it.svg https://www.hotelreginna.it/wp-content/plugins/sitepress-multilingual-cms/res/flags/en.svg https://www.hotelreginna.it/wp-content/uploads/2024/03/colazione-esterna10-768x1152.jpg
Costiera Amalfitana	Maiori	Hotel San Francesco	https://www.hotel-sanfrancesco.it	62	92	96	wordpress|jQuery|WordPress|core-js		https://hotel-sanfrancesco.it/wp-content/uploads/2023/05/hotel-san-francesco-maiori-amalfi-coast-junior-suite-camere-room_411_002_230420-_DSC2746-HDR.jpg https://hotel-sanfrancesco.it/wp-content/uploads/2021/04/maiori_amalfi-coast_salvatoreguadagno.com_04.jpg https://hotel-sanfrancesco.it/wp-content/uploads/2023/05/hotel-san-francesco-maiori-amalfi-coast-junior-suite-camere-room_411_012_230420-_DSC2831-768x512.jpg
Costiera Amalfitana	Cetara	Hotel Cetus	https://www.hotelcetus.com	72	100	100			https://www.hotelcetus.com/source/onde-menu.svg https://www.hotelcetus.com/inc/scripts/source/www.hotelcetus.com/crp450x650-index-1.jpg?f=webp&v=1776841516.jpg https://www.hotelcetus.com/source/trip.svg
Costiera Amalfitana	Cetara	Cetara Albergo Diffuso	https://www.cetaraalbergodiffuso.com	53	77	81	Bootstrap|jQuery|jQuery UI|Isotope|Moment.js|FlexSlider		https://www.cetaraalbergodiffuso.com/template/canvasfull/static/images/flags/en.png https://www.cetaraalbergodiffuso.com/template/canvasfull/static/images/flags/it.png
Costiera Amalfitana	Tramonti	Tenuta San Francesco wine resort	https://www.vinitenutasanfrancesco.com	48	69	73	wordpress|jQuery|jQuery UI|Modernizr|yepnope|Isotope|WordPre		https://www.vinitenutasanfrancesco.com/wp-content/uploads/2020/06/h1-slide-Tramonti.jpg https://www.vinitenutasanfrancesco.com/wp-content/uploads/revslider/separator1.png https://www.vinitenutasanfrancesco.com/wp-content/plugins/revslider/public/assets/assets/transparent.png
Costiera Amalfitana	Amalfi	Amalfi Tour Guide	https://www.amalfitourguide.com	43	92	100	wordpress|wp-rocket|LitElement|lit-html|Google Maps|jQuery|j		https://www.amalfitourguide.com/wp-content/themes/citytours/img/shadow_tour.png https://www.amalfitourguide.com/wp-content/themes/citytours/img/pattern.png https://www.amalfitourguide.com/wp-content/plugins/revslider/public/assets/assets/loader.gif
Costiera Amalfitana	Amalfi	AmalfiDriver.com	https://amalfidriver.com	47	77	92	wordpress|LitElement|lit-html|Google Maps|jQuery|jQuery UI|W	getyourguide	https://amalfidriver.com/wp-content/uploads/2022/04/ad-amalfi-driver-_gold-GRANDE-LUNGO-PICCOLISSIMI.png https://amalfidriver.com/wp-content/uploads/2020/03/cruise-ship-royal-trasp.png https://amalfidriver.com/wp-content/uploads/2020/03/BANNER-ROMA-AMALFI-COAST-ok.png
Cilento	Agropoli	San Francesco Resort	https://www.sanfrancescoresort.com	51	92	92	wordpress|jQuery|WordPress|core-js		https://www.sanfrancescoresort.com/wp-content/uploads/2018/04/CAMERA.jpg https://www.sanfrancescoresort.com/wp-content/uploads/2018/04/SPA.jpg https://www.sanfrancescoresort.com/wp-content/uploads/2018/05/slider_2_111-1920x675.jpg
Cilento	Agropoli	Hotel Myrtus	https://www.hotelmyrtus.it	57	92	100	wordpress|jQuery|jQuery Mobile|WordPress		https://myrtusagropoli.it/web/wp-content/uploads/appartamenti-home-980x653.webp https://myrtusagropoli.it/web/wp-content/uploads/parco-archeologico-paestum-escursioni-11-980x654.webp https://myrtusagropoli.it/web/wp-content/uploads/myrtus-gallery-07-980x653.webp
Cilento	Agropoli	Hotel Mare	https://www.hotel-mare.com	56	92	96	wordpress|jQuery|jQuery UI|WordPress		https://www.hotel-mare.com/wp-content/uploads/2017/05/IMG_1086-1700x449.jpg https://www.hotel-mare.com/wp-content/uploads/2017/05/IMG_0953-1700x449.jpg https://www.hotel-mare.com/wp-content/uploads/2017/05/IMG_0940-1700x449.jpg
Cilento	Agropoli	Hotel La Darsena Residence	https://www.ladarsenahotel.com	66	83	73	Bootstrap|jQuery|Moment.js	bedzzle	https://www.ladarsenahotel.com/lib/img/bandiere/it.gif https://www.ladarsenahotel.com/lib/img/bandiere/en.gif https://www.ladarsenahotel.com/public/finder/immagini/hp_reception.jpg
Cilento	Agropoli	Hotel Ristorante Il Ceppo	https://www.hotelristoranteilceppo.com	46	82	96	angular|jQuery|Modernizr|Lo-Dash|Angular|FlexSlider|core-js	beddy	https://www.hotelristoranteilceppo.com/images/loader.png https://www.hotelristoranteilceppo.com/public/testi_sezioni/big/7.jpg https://www.hotelristoranteilceppo.com/public/testi_sezioni/big/8.jpg
Cilento	Santa Maria di Castellabate	Grand Hotel Santa Maria	https://www.grandhotel-santamaria.it	54	100	100	wordpress|jQuery|jQuery UI|WordPress|core-js	simplebooking	https://www.grandhotel-santamaria.it/wp-content/uploads/2026/02/grand-hotel-santa-maria-fallback.webp https://www.grandhotel-santamaria.it/wp-content/uploads/2026/02/pattern-ghsm-blu.svg
Cilento	Santa Maria di Castellabate	Hotel Villa Sirio	https://www.villasirio.it	60	92	100	wordpress|jQuery|jQuery UI|WordPress|core-js		https://www.villasirio.it/wp-content/uploads/2026/03/G0A2328.jpg https://www.villasirio.it/wp-content/uploads/2026/03/Villa-Sirio-00007.jpg https://www.villasirio.it/wp-content/uploads/2026/03/Villa-Sirio-00021.jpg
Cilento	Santa Maria di Castellabate	Prince Franklyn Hotel	https://www.franklyn-hotel.com	39	100	50	wordpress|jQuery|jQuery Mobile|WordPress|core-js		https://www.franklyn-hotel.com/wp-content/uploads/2022/12/Offerta-Estate-2025-980x980.jpg https://www.franklyn-hotel.com/wp-content/uploads/2018/12/spumante-1-768x510.png https://www.franklyn-hotel.com/wp-content/uploads/2022/12/27973509-980x654.jpg
Cilento	Santa Maria di Castellabate	Hotel Costa d'Oro	https://www.hotelcostadoro.it	26	92	50	Bootstrap|jQuery|Modernizr|yepnope|Isotope		https://www.hotelcostadoro.it/images/lin_italiano.gif https://www.hotelcostadoro.it/images/lin_english.gif https://www.hotelcostadoro.it/images/slide1.jpg
Cilento	Acciaroli	Hotel Acciaroli	https://hotelacciaroli.it	68	100	96	wordpress|wp-rocket|react|jQuery|jQuery UI|React|Underscore|		https://hotelacciaroli.it/wp-content/uploads/2023/05/Hotel-Acciaroli-vista-dallalto.jpg https://hotelacciaroli.it/wp-content/uploads/2024/09/Orto-Hotel-Acciaroli.jpg https://hotelacciaroli.it/wp-content/plugins/wpforms/assets/pro/images/vendor/flags.webp
Cilento	Acciaroli	Hotel La Playa	https://www.hotellaplayaacciaroli.it	42	100	96	wordpress|jQuery|Modernizr|FlexSlider|WordPress|core-js		https://www.hotellaplayaacciaroli.it/wp/wp-content/plugins/revslider/sr6/assets/assets/dummy.png https://www.hotellaplayaacciaroli.it/wp/wp-content/uploads/2019/10/camere-800x534.jpg https://www.hotellaplayaacciaroli.it/wp/wp-content/uploads/2022/04/home-spiaggia-2-800x639.jpg
Cilento	Pioppi	Hotel La Vela	https://www.lavelapioppi.com	62	100	96	wordpress|jQuery|ScrollMagic|WordPress|core-js		https://www.lavelapioppi.com/wp/wp-content/uploads/image-on-hover.png https://www.lavelapioppi.com/wp/wp-content/uploads/divider2.png https://www.lavelapioppi.com/wp/wp-content/uploads/checkin.png
Cilento	Paestum	Mec Paestum Hotel	https://www.mechotel.com	52	77	96	wordpress|jQuery|jQuery UI|WordPress|core-js		https://www.mechotel.com/hwsfilemedia/2021/02/Acanforanero.svg
Cilento	Paestum	L'Araba Fenice Hotel & Resort	https://www.arabafenicespa.com	52	92	92	wordpress|jQuery|jQuery UI|WordPress|core-js		https://www.arabafenicespa.com/wp-content/uploads/2026/02/paestum_hotel_5_stelle_mobile.webp https://arabafenicespa.com/wp-content/uploads/2025/07/hotel-paestum-5-stelle.webp https://www.arabafenicespa.com/wp-content/uploads/2025/05/Hotel-Paestum.webp
Cilento	Paestum	Savoy Hotel & Spa Pagano	https://www.paganopaestum.it	25	100	77	wordpress|jQuery|jQuery UI|WordPress|core-js		https://www.paganopaestum.it/wp-content/uploads/2022/06/menubianco-1.svg https://www.paganopaestum.it/wp-content/uploads/2022/06/menuoro.svg https://www.paganopaestum.it/wp-content/uploads/2022/06/fraccia-indientro-piccola-oro.svg
Cilento	Paestum	Hotel Schuhmann	https://www.hotelschuhmann.com	45	92	92	wordpress|jQuery|jQuery UI|Can|Moment.js|WordPress|core-js		https://www.hotelschuhmann.com/wp-content/uploads/2025/02/Basic-01.jpg https://www.hotelschuhmann.com/wp-content/uploads/2025/05/Standard-vista-pineta-05.jpg https://www.hotelschuhmann.com/wp-content/uploads/2025/05/standard-mare-balcone.png
Cilento	Paestum	Paestum Inn Beach Resort	https://paestuminn.com	40	92	100	Bootstrap|jQuery|jQuery UI|Isotope|FlexSlider	simplebooking	https://paestuminn.com/img/gallery/resort-paestum-inn.webp https://paestuminn.com/img/gallery/hotel-giardino-mare.webp https://paestuminn.com/img/gallery/resort-piscina.webp
Cilento	Paestum	Agriturismo Seliano	https://www.agriturismoseliano.it	52	92	100	wordpress|jQuery|Isotope|WordPress|core-js		https://www.agriturismoseliano.it/wp-content/plugins/revslider/sr6/assets/assets/dummy.png https://www.agriturismoseliano.it/wp-content/uploads/2024/02/pattern_piastrella.png https://www.agriturismoseliano.it/wp-content/uploads/2024/02/pattern_inferriata_su_bianco.png
Cilento	Paestum	Il Cannito	https://www.ilcannito.com	57	85	77	wordpress|jQuery|jQuery UI|Modernizr|WordPress	blastness	https://www.ilcannito.com/wp-content/plugins/revslider/public/assets/assets/dummy.png https://www.ilcannito.com/wp-content/uploads/2025/11/C_Slowdown-Hotels_THE-INSIDER_IL-CANNITO_summer-home-page-2025_25-768x432.jpg https://www.ilcannito.com/wp-content/uploads/2025/11/cannito-home-page-4.jpg
Cilento	Vallo della Lucania	Ruggiero Park Hotel	http://www.ruggieroparkhotel.com	66	91	78	jQuery|jQuery UI|FastClick		http://www.ruggieroparkhotel.com/immagini/bandiera-deu.jpg http://www.ruggieroparkhotel.com/immagini/bandiera-eng.jpg http://www.ruggieroparkhotel.com/immagini/bandiera-ita.jpg
Cilento	Agropoli	Cilentour ANBI Travel	https://www.cilentour.com	64	100	96	wordpress|wp-rocket|jQuery|jQuery UI|WordPress|WP Rocket		https://www.cilentour.com/wp-content/plugins/revslider/sr6/assets/assets/dummy.png https://www.cilentour.com/wp-content/uploads/2023/01/pacchetti-benessere-cilento.jpg https://www.cilentour.com/wp-content/uploads/2020/07/backpack-1836594_1920-700x466.jpg
Cilento	Pisciotta	Discover Cilento	https://www.discovercilento.it	49	100	96	wordpress|jQuery|Isotope|WordPress|core-js		https://www.discovercilento.it/wp-content/uploads/2025/03/R_DiscoverCilento_Pisciotta12-scaled.jpg https://www.discovercilento.it/wp-content/plugins/wp-postratings/images/stars_crystal/rating_over.gif https://www.discovercilento.it/wp-content/plugins/gtranslate/flags/svg/en.svg
Cilento	Vallo della Lucania	ArcheoTrekking	https://www.archeotrekking.net	49	92	96	jQuery|FlexSlider|core-js		https://www.archeotrekking.net/media/slider/slide_archeotrekking.jpg https://www.archeotrekking.net/media/slider/slide_offerte.jpg https://www.archeotrekking.net/media/slider/slide_scuole.jpg
Cilento	Palinuro	Hotel Saline	https://www.hotelsaline.com	66	100	100			https://www.hotelsaline.com/thumb/640x/0/5318f3db2bbd8491404b10cb716cb116/assets/images/public/slider/screen/2l7a2568-l_u10_t1667226994.jpeg.webp https://www.hotelsaline.com/assets/video/poster/hotel_saline.jpg.webp https://www.hotelsaline.com/assets/images/layout/Hotel_Saline_Palinuro_Piscina.jpg.webp
Cilento	Palinuro	Hotel Palinuro	https://www.hotelpalinuro.net	54	92	100	wordpress|jQuery|jQuery UI|Underscore|Can|WordPress|core-js		https://www.hotelpalinuro.net/wp-content/uploads/2021/04/257977465-1-768x576.jpg https://www.hotelpalinuro.net/wp-content/uploads/2021/04/20660793.jpg https://www.hotelpalinuro.net/wp-content/uploads/2021/04/20662742-1.jpg
Cilento	Palinuro	Grand Hotel San Pietro	https://www.grandhotelsanpietro.com	95	100	100	TYPO3	simplebooking	https://www.grandhotelsanpietro.com/fileadmin/_processed_/6/f/csm_silas-baisch-OCzvgBqCJKY-unsplash_d9f2a955e1.jpg https://www.grandhotelsanpietro.com/typo3conf/ext/bn_package/Resources/Public/Images/layout/_Wave_01.png https://www.grandhotelsanpietro.com/typo3conf/ext/bn_package/Resources/Public/Images/layout/_Water_02.jpg
Cilento	Palinuro	Albergo Santa Caterina	https://www.albergosantacaterina.com	85	100	100	TYPO3	simplebooking	https://www.albergosantacaterina.com/fileadmin/_processed_/f/8/csm_shutterstock_145527247_84501006ab.jpg https://www.albergosantacaterina.com/typo3conf/ext/bn_package/Resources/Public/Images/layout/_Wave_01.png https://www.albergosantacaterina.com/typo3conf/ext/bn_package/Resources/Public/Images/layout/_Water_02.jpg
Cilento	Palinuro	Hotel La Torre	https://www.latorrepalinuro.it	81	92	100	wordpress|WordPress		https://www.latorrepalinuro.it/wp-content/uploads/2023/06/hotel-la-torre-palinuro-panoramica03.jpg
Cilento	Marina di Camerota	Cala d'Arconte Hotel Village	https://www.caladarconte.it	73	100	69	jQuery|jQuery UI|yepnope		https://www.caladarconte.it/source/arr-lang.png https://www.caladarconte.it/source/star-comment.png https://www.caladarconte.it/ATImg/social/feedback/tripadvisor.png
Cilento	Marina di Camerota	Villaggio La Barca	https://www.villaggiolabarca.it	59	92	100	wordpress|jQuery|jQuery UI|WordPress|core-js		https://villaggiolabarca.it/wp-content/uploads/2025/11/034x2000-768x397.webp https://villaggiolabarca.it/wp-content/uploads/2025/11/030-768x511.webp https://villaggiolabarca.it/wp-content/uploads/2025/11/DSC_6447-HDR123.webp
Cilento	Marina di Camerota	Hotel La Scogliera	https://www.lascoglierahotel.it	55	92	92	wordpress|jQuery|jQuery UI|ScrollMagic|WordPress|core-js		https://www.lascoglierahotel.it/wp-content/uploads/2026/01/2-797x610.jpg https://www.lascoglierahotel.it/wp-content/uploads/2026/01/sup_2-797x610.jpg https://www.lascoglierahotel.it/wp-content/uploads/2026/01/slideRist.jpg
Cilento	Marina di Camerota	Odissea Camping Village	https://www.odisseavillage.com	97	100	100	TYPO3	simplebooking	https://www.odisseavillage.com/fileadmin/_processed_/1/b/csm_mourad-saadi-GyDktTa0Nmw-unsplash_d1fa3e9c5f.jpg https://www.odisseavillage.com/fileadmin/_processed_/9/d/csm_FamilyGO_Collection_8dc09d1556.png https://www.odisseavillage.com/typo3conf/ext/bn_package/Resources/Public/Images/layout/_Water_02.jpg
Cilento	Marina di Camerota	Villaggio Nessuno	https://www.villaggionessuno.com	61	92	96	wordpress|jQuery|jQuery UI|jQuery Mobile|WordPress|core-js		https://www.villaggionessuno.com/wp-content/uploads/2017/02/6279496749_766a7c5fdd_o-1000x400.jpg https://www.villaggionessuno.com/wp-content/uploads/2017/02/20268348285_992aa8b816_k-1000x400.jpg https://www.villaggionessuno.com/wp-content/uploads/2017/02/Marina-di-Camerota-Spiaggia-del-Troncone-7-1000x400.jpg
Cilento	Marina di Camerota	Albergo Delfino	https://www.albergodelfino.it	50	85	77	wordpress|jQuery|jQuery UI|Modernizr|Underscore|yepnope|Isot		https://www.albergodelfino.it/wp-content/plugins/revslider/public/assets/assets/dummy.png https://www.albergodelfino.it/wp-content/plugins/google-language-translator/images/flags.png https://www.albergodelfino.it/wp-content/uploads/2021/03/Ingresso_2-Copia.jpg
Cilento	Marina di Camerota	Hotel Riccio	https://www.albergoriccio.it	69	100	96	wordpress|wp-rocket|LitElement|lit-html|Google Maps|jQuery|j		https://www.albergoriccio.it/wp-content/uploads/2024/05/HotelRiccio_Home_Principale-scaled.webp https://www.albergoriccio.it/wp-content/plugins/gtranslate/flags/svg/it.svg https://www.albergoriccio.it/wp-content/uploads/2024/05/HR_Camere_Main-2.png
Cilento	Sapri	Hotel Tirreno	https://www.hoteltirrenosapri.it	63	91	92	Bootstrap|jQuery|Modernizr|Isotope|Moment.js		https://www.hoteltirrenosapri.it/images/ie8-panel/warning_bar_0000_us.jpg https://www.hoteltirrenosapri.it/images/title-decorative-84x8.png https://www.hoteltirrenosapri.it/images/home-01-570x370.jpg
Cilento	Sapri	Hotel Pisacane	https://www.hotelpisacane.it	60	100	88	LitElement|lit-html|Google Maps|jQuery|WebFont Loader	bedzzle	
Cilento	Scario	Hotel Ristorante Cavaliere	https://www.scariohotelcavaliere.it	56	67	92	Bootstrap|jQuery|jQuery UI|Moment.js|core-js		https://www.scariohotelcavaliere.it/img/immagine_1.jpg https://www.scariohotelcavaliere.it/img/hotel_con_piscina.jpg https://www.scariohotelcavaliere.it/img/immagine_2.jpg
Cilento	Ascea	MagicoMar Hotel	https://www.magicomarhotel.it	37	77	65	joomla|jQuery|jQuery UI|MooTools|Joomla		https://www.magicomarhotel.it/images/facebook.png https://www.magicomarhotel.it/images/googleplus.png https://www.magicomarhotel.it/images/youtube.png
Cilento	Ascea	Eleamare Resort	https://www.eleamare.it	83	92	50	wordpress|jQuery|WordPress		https://www.eleamare.it/wp-content/plugins/nd-shortcodes/addons/customizer/shortcodes/top-header/img/share-white.svg https://www.eleamare.it/wp-content/plugins/nd-shortcodes/addons/customizer/shortcodes/top-header/img/star-white.svg https://www.eleamare.it/wp-content/uploads/2022/04/favico-elemare.png
Cilento	Ascea	Victoria Resort	https://www.victoriaresort.it	57	100	100	jQuery|Preact|WebFont Loader|core-js		
Cilento	Pisciotta	Marulivo Hotel	https://www.marulivohotel.it	94	91	46	Scriptaculous		https://www.marulivohotel.it/images/servizio/hp_1_1.jpg https://www.marulivohotel.it/images/servizio/hp_1_3.jpg https://www.marulivohotel.it/images/servizio/hp_1_4.jpg
Cilento	Pisciotta	Hotel Riviera	https://hotelrivierapisciotta.it	76	92	81	wordpress|wp-rocket|WordPress|WP Rocket		https://hotelrivierapisciotta.it/wp-content/uploads/2024/11/IMG_0670.jpeg https://hotelrivierapisciotta.it/wp-content/uploads/2024/12/cropped-Hotel-Riviera-Pisciotta.png https://hotelrivierapisciotta.it/wp-content/uploads/2025/08/Hotel-Riviera-Pisciotta-013-980x1470.jpg
Cilento	Pisciotta	Villaggio Club La Maree	https://www.lamaree.net	62	92	92			
Cilento	Palinuro	ArcheoTrekking Palinuro	https://www.archeotrekking.net	51	92	96	jQuery|FlexSlider|core-js		https://www.archeotrekking.net/media/slider/slide_archeotrekking.jpg https://www.archeotrekking.net/media/slider/slide_offerte.jpg https://www.archeotrekking.net/media/slider/slide_scuole.jpg
Cilento	Marina di Camerota	Cooperativa Cilento Blu	https://www.coopcilentoblu.com	56	92	100	wordpress|LitElement|lit-html|Google Maps|jQuery|jQuery UI|M		https://www.coopcilentoblu.com/wp-content/uploads/2017/02/Cala-degli-Infreschi.jpg https://www.coopcilentoblu.com/wp-content/plugins/google-language-translator/images/flags.png https://www.coopcilentoblu.com/wp-content/uploads/2026/01/Grotta-del-Pozzallo_compressed.jpg
Costiera Amalfitana	Maiori	Hotel Panorama	https://www.hotelpanoramamaiori.com	8	85	96	wordpress|jQuery|jQuery UI|WordPress|core-js		https://www.hotelpanoramamaiori.com/wp-content/uploads/2021/06/20140705-_DSC0082.jpg https://www.hotelpanoramamaiori.com/wp-content/plugins/revslider/sr6/assets/assets/dummy.png https://www.hotelpanoramamaiori.com/wp-content/uploads/2024/03/Roof-Terrace.svg
Cilento	San Marco di Castellabate	New Hotel Sonia	http://www.hotelsonia.it	FAIL					
