Data analisi,Nome azienda,URL sito,Google Business link,Categoria,Sito pre-2020?,Data ultimi aggiornamenti,Mobile-friendly?,Ha Channel Manager?,Criteri soddisfatti,Priorità (1-5),Note,Link demo,Contattato?,Data contatto,Brief demo (OpenClaw)
2026-06-09,Hotel Prestige Sorrento,https://www.hotelprestigesorrento.com,https://www.google.com/maps/search/?api=1&query=Hotel+Prestige+Sorrento+Via+Nastro+Azzurro+23,Hotel 4 stelle,Sì,Incerto,Incerto,Parziale,3.5,1,"MIGLIOR PROSPECT Sorrento. Via Nastro Azzurro 23 Sorrento (NA). Pagine .html statiche + pagina 'linking' (SEO anni 2000) = design datato; box prenotazione diretta presente ma provider non identificato (Parziale); NESSUN blog (confermato site:). 25 camere. Recensioni: Booking 8.8 (~880), Tripadvisor 4.6 (~1830). Anzianità/mobile da confermare a mano (Wayback/PageSpeed bloccati in ambiente).",,No,,"Hotel Prestige Sorrento; 4 stelle boutique; Via Nastro Azzurro 23 Sorrento (NA) colline tra Sorrento e Positano; boutique panoramico intimo con navetta gratuita per il centro; punti forza: vista doppio golfo Napoli e Salerno - 25 camere intime - piscina a sfioro - roof bar - ristorante à la carte - navetta gratuita; palette azzurro golfo + bianco calce + ottone caldo stile mediterraneo elegante; sezioni: hero vista mare / camere / piscina e roof bar / ristorante / esperienze e dintorni / prenotazione / contatti; lingue IT/EN; tono caldo intimo esclusivo; CTA 'Prenota ora la tua vista sul golfo'"
2026-06-09,Grand Hotel Capodimonte Sorrento,https://www.capodimontesorrento.com,https://www.google.com/maps/search/?api=1&query=Grand+Hotel+Capodimonte+Sorrento+Via+Capodimonte+16,Hotel 4 stelle superior,Sì,Incerto,Incerto,Parziale,3.5,1,"Via Capodimonte 16 Sorrento (NA) -- CORREZIONE indirizzo (non Via Capo 15). Pagina /gds/ con codici GDS e URL con parametro datati; sito dedicato live (ha sitemap); prenotazione diretta con Best Rate (provider non confermato = Parziale); blog non rilevato (Incerto). Struttura grande (5 piscine, 2-3 ristoranti) = volume alto. Recensioni: Booking 9.0 (989), Tripadvisor 4/5 (~3505). FB ufficiale attivo. Gruppo Manniello in transizione verso manniellohotels.com.",,No,,"Grand Hotel Capodimonte; 4 stelle superior; Via Capodimonte 16 Sorrento (NA) su roccia a picco sul golfo; resort panoramico classico-mediterraneo gruppo Manniello; punti forza: 5 piscine a cascata vista golfo - 2-3 ristoranti (Le Ginestre Le Querce) - giardini mediterranei - beach club - spa e jacuzzi - ingresso scavato nella roccia con ascensori; palette blu profondo + terracotta + verde mediterraneo + crema; sezioni: hero piscine a cascata / camere e suite / le 5 piscine / ristoranti / spa e beach club / esperienze costiera / prenotazione / contatti; lingue IT/EN; tono elegante classico raffinato; CTA 'Prenota la tua vista sul Golfo di Napoli'"
2026-06-09,Grand Hotel Royal Sorrento,https://www.royalsorrento.com,https://www.google.com/maps/search/?api=1&query=Grand+Hotel+Royal+Sorrento+Via+Correale+42,Hotel 5 stelle,Incerto,Incerto,Incerto,Parziale,2.5,2,"Via Correale 42 Sorrento (NA), tel 081 8073434. Sito dedicato con segnali datati (pagina /gds/ con codici GDS); prenotazione diretta presente, provider non confermato (Parziale); blog non rilevato (Incerto); lusso. Entity Google Hotels esistente. Gruppo Manniello in migrazione: confermare sito live e anzianità a mano.",,No,,"Grand Hotel Royal; 5 stelle lusso; Via Correale 42 Sorrento (NA) promontorio sul mare a 3 min da Piazza Tasso; resort di lusso urbano gruppo Manniello; punti forza: posizione centrale a picco sul mare - spiaggia privata e beach club - piscina infinity con cascata e giardini di palme - 3 ristoranti e bar - spa con jacuzzi - vista Golfo e Vesuvio; palette blu navy + oro/ottone + bianco e verde palma; sezioni: hero piscina e mare / camere e suite / spiaggia privata e beach club / ristoranti / spa e wellness / esperienze e posizione / prenotazione / contatti; lingue IT/EN; tono lussuoso prestigioso accogliente; CTA 'Vivi il lusso fronte mare a Sorrento - Prenota'"
2026-06-09,Grand Hotel Excelsior Vittoria,https://excelsiorvittoria.com,https://www.google.com/maps/search/?api=1&query=Grand+Hotel+Excelsior+Vittoria+Sorrento+Piazza+Tasso,"Hotel 5 stelle (Luxury, LHW)",Incerto,Incerto,Incerto,Parziale,3.5,2,"Piazza Tasso, Sorrento. Brand iconico (dal 1834, Leading Hotels of the World), 79 camere, ristorante stellato Terrazza Bosquet: traffico e vendite alti. Vende via OTA + diretto LHW (motore esatto non identificato = Parziale); blog non rilevato (Incerto). Tripadvisor 4/5 (2180 rec, #12 a Sorrento). Lusso top (plus). Anzianità/mobile da confermare a mano.",,No,,"Grand Hotel Excelsior Vittoria; 5 stelle luxury; Sorrento Piazza Tasso; landmark storico iconico sul Golfo di Napoli; punti forza: dimora storica dal 1834 con ospiti illustri (Wagner Wilde Caruso) - membro Leading Hotels of the World - ristorante stellato Michelin Terrazza Bosquet - parco-agrumeto privato e spa - ascensore privato verso il porto e marina - 79 camere vista mare; palette avorio caldo + verde agrume + oro antico su fondo crema; sezioni: home cinematica / camere e suite / dining stellato / spa e parco / esperienze (Capri Pompei Costiera) / storia e heritage / eventi e matrimoni / prenota; lingue IT/EN; tono elegante sobrio evocativo; CTA 'Prenota il tuo soggiorno'"
2026-06-09,Torres Travel,https://www.torrestravel.it,https://www.google.com/maps/search/?api=1&query=Torres+Travel+Via+Lepanto+143+Pompei,Tour operator incoming (Pompei guide center),Sì (probabile),Incerto,Incerto,Parziale,3.0,2,"Via Lepanto 143 Pompei. Pagine legacy .asp + layer WooCommerce (/trips, /shore-excursions) = sito ibrido vecchio/nuovo, base tecnica pre-2020 plausibile; vendita online via WooCommerce (Parziale), nessun booking engine dedicato (Bokun/FareHarbor); blog non rilevato. Specialista Pompei/crocieristi, segmento medio. Tripadvisor positivo.",,No,,"Torres Travel; tour operator incoming e guide center; Pompei (Via Lepanto 143); specialista Pompei e Golfo di Napoli per crocieristi e gruppi; punti forza: Pompei Guide Center con guide multilingue (11+ lingue) - skip-the-line e shore excursions per crocieristi - escursioni Pompei Capri Costiera - transfer ristoranti cooking class trekking - operatore strutturato dal 2001; palette blu Mediterraneo + terracotta pompeiana + sabbia chiara; sezioni: home con ricerca esperienze / escursioni per tema (shore cruise gruppi) / Pompei guide center / destinazioni / prenota online / chi siamo / contatti; lingue IT/EN; tono dinamico professionale rassicurante; CTA 'Prenota la tua escursione'"
2026-06-09,Sirenide Viaggi,https://www.sirenide.com,https://www.google.com/maps/search/?api=1&query=Sirenide+Viaggi+Via+degli+Aranci+25+Sorrento,Tour operator incoming / DMC,Sì (probabile),Incerto,Incerto,No,4.0,2,"Via degli Aranci 25 Sorrento, tel 081 8074711. Sito legacy index.php (http non https sul dominio nudo) = impianto pre-2020 plausibile; NESSUN booking engine (modello B2B a preventivo); NESSUN blog. DMC storico 35+ anni verso TO/ADV esteri. Ottimo candidato restyling (nessun channel manager + nessun blog + sito datato). Mobile probabilmente debole, da confermare.",,No,,"Sirenide Viaggi; DMC e tour operator incoming B2B; Sorrento; partner incoming per il Sud Italia rivolto a tour operator e agenzie esteri; punti forza: oltre 35 anni di esperienza incoming - copertura Penisola Sorrentina Costiera Capri Ischia Napoli Roma - servizi su misura (hotel 3-5 stelle guide in 5 lingue bus lusso yacht) - eventi e matrimoni - rete di hotel di proprietà a Sorrento; palette blu navy + turchese mediterraneo + bianco con accenti oro; sezioni: home B2B / chi siamo / destinazioni e itinerari / servizi (hotel transfer guide eventi) / area agenzie e tour operator / gallery / contatti e richiesta preventivo; lingue IT/EN; tono istituzionale affidabile orientato al partner; CTA 'Richiedi un preventivo'"
2026-06-09,Grand Hotel Cocumella,https://www.cocumella.com,,Hotel 5 stelle (Small Luxury Hotels),Incerto,Incerto,Incerto,Incerto,3.0,3,"Storico boutique (1637), membro SLH, Sant'Agnello/Sorrento. URL .html 'piatte'; nessun blog (solo newsletter); lusso (plus). Traffico/vendite stima media. Segnali tecnici da confermare a mano (403 sul fetch).",,No,,"Grand Hotel Cocumella; 5 stelle boutique storico (1637) Small Luxury Hotels; Sant'Agnello/Sorrento; dimora di charme tra storia e mare; punti forza: storia secolare - parco e agrumeto - piscina panoramica - ristorante - veliero d'epoca per escursioni - spa; palette crema + verde salvia + legno caldo; sezioni: hero heritage / camere / parco e piscina / dining / esperienze in mare / storia / prenota; lingue IT/EN; tono elegante storico intimo; CTA 'Prenota il tuo soggiorno storico'"
2026-06-09,Golden Tours International,https://www.goldentours.it,,Tour operator / DMC incoming,Incerto,Incerto,Incerto,No,3.5,3,"DMC dal 1957, segmento alto/lusso (hotel 4-5 stelle, ville, elicottero). Prenotazione su richiesta (48h), nessun cart self-service; nessun blog. Anzianità sito non verificabile (403). Traffico/vendite stima media.",,No,,"Golden Tours International; tour operator DMC dal 1957; Sorrento; incoming alto/lusso per gruppi e individuali; punti forza: 65+ anni esperienza - escursioni Pompei Capri Vesuvio Costiera - hotel 4-5 stelle e ville - servizi premium (elicottero yacht) - rete B2B; palette blu mediterraneo + oro + bianco; sezioni: home / destinazioni e tour / servizi luxury / area B2B / chi siamo / contatti; lingue IT/EN; tono professionale prestigioso; CTA 'Richiedi un preventivo'"
2026-06-09,Grand Hotel Aminta,https://www.aminta.com,,Hotel 4 stelle,Sì,Incerto (contenuti 2025/2026 attivi),Incerto,Sì (Ericsoft),3.0,3,"Segnali design datato (URL /it/w-package, /it/coupon, 'Groupon', webcam live, CMS vecchio); nessun blog; traffico/vendite medio-alti. MA ha channel manager Ericsoft integrato -> non rispetta il criterio 'nessun channel manager'.",,No,,"Grand Hotel Aminta; 4 stelle; Sorrento collina panoramica; resort vista golfo per famiglie e coppie; punti forza: vista panoramica Golfo di Napoli - piscine - navetta centro - ampie sale - ristorante; palette blu + bianco + legno; sezioni: hero vista / camere / piscine / ristorante / eventi / prenota; lingue IT/EN; tono accogliente familiare; CTA 'Prenota ora' (NB: ha già channel manager Ericsoft)"
2026-06-09,Grand Hotel Cesare Augusto,https://www.hotelcesareaugusto.com,,Hotel 4 stelle,No,Incerto,Incerto,Sì,2.5,3,"120 camere = volume alto; nessun blog. MA URL SEO descrittive = rebuild relativamente moderno (sito già rifatto) e motore di prenotazione presente -> meno ideale come 'sito datato'.",,No,,"Grand Hotel Cesare Augusto; 4 stelle 120 camere; Sorrento centro; hotel per gruppi e tour operator; punti forza: posizione centrale - roof garden con piscina - grande capacità per gruppi - ristorante - vicino Piazza Tasso; palette blu + crema + oro; sezioni: hero / camere / roof e piscina / gruppi e tour operator / ristorante / prenota; lingue IT/EN; tono efficiente accogliente; CTA 'Prenota / Richiedi preventivo gruppi'"
2026-06-09,Hotel Mediterraneo Sorrento,https://www.mediterraneosorrento.com,,Hotel 5 stelle (Sant'Agnello),No (probabile),Incerto,Incerto,Incerto,2.5,3,"Michelin Key 2025 e segnali di modernizzazione recente -> probabilmente NON pre-2020; 61 camere; nessun blog; lusso (plus). Booking engine non verificabile (403).",,No,,"Hotel Mediterraneo Sorrento; 5 stelle; Sant'Agnello a picco sul mare; boutique luxury con ascensore al mare; punti forza: terrazza e piscina sul mare - ascensore privato alla spiaggia - rooftop restaurant - Michelin Key 2025 - vista golfo; palette blu + bianco + ottone; sezioni: hero rooftop / camere / piscina e mare / dining / spa / esperienze / prenota; lingue IT/EN; tono fresco contemporaneo elegante; CTA 'Prenota la tua vista mare'"
2026-06-09,Hotel Lorelei et Londres,https://www.loreleisorrento.com,,Hotel 5 stelle,No,Incerto (rinnovato 2019),Incerto,Incerto,2.5,3,"Boutique ristrutturato 2019, ristorante 1 stella Michelin; sito presumibilmente recente; nessun blog; lusso (plus). Motore di prenotazione non confermabile.",,No,,"Hotel Lorelei et Londres; 5 stelle boutique; Sorrento fronte mare; dimora rinnovata 2019 con ristorante stellato; punti forza: vista golfo - piscina panoramica - ristorante 1 stella Michelin - terrazza - posizione centrale; palette pastello mediterraneo + oro; sezioni: hero / camere / piscina / ristorante stellato / esperienze / prenota; lingue IT/EN; tono raffinato gastronomico; CTA 'Prenota la tua esperienza'"
2026-06-09,Grand Hotel La Favorita,https://www.hotellafavorita.com,,Hotel 5 stelle,No (probabile),Incerto,Incerto,Sì (ermeshotels),2.0,4,"Struttura WordPress /en/ con offers/packages = impianto relativamente recente; motore di prenotazione integrato (ermeshotels); nessun blog; 85 camere; lusso. Poco ideale (ha già booking engine).",,No,,"Grand Hotel La Favorita; 5 stelle 85 camere; Sorrento centro; hotel elegante con roof garden; punti forza: posizione centrale - piscina roof con vista - ristorante - spa - eventi e matrimoni; palette oro + avorio + verde; sezioni: hero / camere e suite / roof e piscina / dining / eventi / prenota; lingue IT/EN; tono classico lussuoso; CTA 'Prenota ora'"
2026-06-09,Grand Hotel Ambasciatori,https://www.ambasciatorisorrento.com,,Hotel 5 stelle (Manniello Hotels),No (probabile),Incerto,Incerto,Sì (probabile),2.0,4,"Struttura WordPress /en/rooms/; gruppo Manniello; camere recentemente rinnovate; 'Book now' integrato; nessun blog; lusso. Poco ideale (booking diretto presente).",,No,,"Grand Hotel Ambasciatori; 5 stelle; Sorrento a picco sul mare; resort panoramico Manniello con beach club; punti forza: terrazza a picco sul golfo - piscina - ascensore al beach club - ristorante - vista Vesuvio; palette blu profondo + oro + bianco; sezioni: hero scogliera / camere / piscina e beach club / dining / esperienze / prenota; lingue IT/EN; tono elegante panoramico; CTA 'Prenota la tua vista'"
2026-06-09,Hotel Continental Sorrento,https://www.continentalsorrento.com,,Hotel 4 stelle,Incerto,Incerto,Incerto,Sì (Blastness),2.5,4,"Booking engine Blastness integrato; URL multilingua moderne; posizione centrale, piscina, terrazza panoramica; nessun blog. Poco ideale (ha channel manager).",,No,,"Hotel Continental Sorrento; 4 stelle; Sorrento centro vicino al porto; hotel panoramico con piscina; punti forza: terrazza panoramica - piscina - vicino Chiostro San Francesco e porto - ristorante; palette blu + bianco; sezioni: hero / camere / piscina e terrazza / ristorante / posizione / prenota; lingue IT/EN; tono accogliente classico; CTA 'Prenota ora'"
2026-06-09,Hotel Club Sorrento,http://www.hotelclubsorrento.com,,Hotel 4 stelle,Incerto,Incerto,Incerto,Sì (SimpleBooking),2.5,4,"Redirect a simplebooking.it; URL SEO moderne; a Sant'Agnello, conduzione familiare; nessun blog. Poco ideale (ha channel manager).",,No,,"Hotel Club Sorrento; 4 stelle conduzione familiare; Sant'Agnello; hotel intimo con piscina; punti forza: atmosfera familiare - piscina - giardino - vicino al centro - colazione; palette verde + bianco + legno; sezioni: hero / camere / piscina e giardino / servizi / dintorni / prenota; lingue IT/EN; tono familiare caloroso; CTA 'Prenota il tuo soggiorno'"
2026-06-09,Best Western Hotel La Solara,https://www.lasolara.com,,Hotel 4 stelle,Incerto,Incerto,Incerto,Sì (catena Best Western),2.5,4,"Booking di catena BW integrato; URL moderne; nessun blog. Meno interessante come prospect per vincoli di brand (catena).",,No,,"Best Western Hotel La Solara; 4 stelle 58 camere; Sorrento Capo; hotel con piscina e navetta; punti forza: piscina con solarium - navetta centro - parcheggio - ristorante - camere ampie; palette blu + bianco; sezioni: hero / camere / piscina / ristorante / servizi / prenota; lingue IT/EN; tono efficiente moderno; CTA 'Prenota ora' (NB: vincoli brand catena)"
2026-06-09,Grand Hotel Vesuvio Sorrento,https://www.vesuviosorrento.com,,Hotel 4 stelle,Incerto,Incerto,Incerto,Sì (booking diretto),2.5,4,"URL SEO moderne; booking diretto integrato con best-price; grande struttura con sale congressi; nessun blog. Poco ideale (booking integrato). NB: omonimia col 'Grand Hotel Vesuvio' di Napoli del template di test.",,No,,"Grand Hotel Vesuvio Sorrento; 4 stelle; Sorrento; grande hotel con sale congressi; punti forza: piscina - sale meeting ed eventi - ristorante - vicino centro - parcheggio; palette blu + grigio + bianco; sezioni: hero / camere / piscina / eventi e congressi / ristorante / prenota; lingue IT/EN; tono professionale congressuale; CTA 'Prenota / Richiedi preventivo eventi'"
2026-06-09,Hotel Antiche Mura Sorrento,https://www.hotelantichemura.com,,Hotel 4 stelle,Incerto,Incerto,Incerto,Sì (SimpleBooking hid=431),2.5,4,"Redirect a simplebooking.it; URL SEO moderne; posizione premium a Piazza Tasso; nessun blog. Poco ideale (ha channel manager).",,No,,"Hotel Antiche Mura Sorrento; 4 stelle; Sorrento Piazza Tasso; hotel di charme nel centro storico; punti forza: posizione premium centro storico - piscina nel vallone dei mulini - agrumeto - ristorante; palette ocra + verde agrume + crema; sezioni: hero / camere / piscina e giardino / ristorante / posizione / prenota; lingue IT/EN; tono elegante centrale; CTA 'Prenota ora'"
2026-06-09,HP Travel,https://www.hptravel.it,,Tour operator incoming (escursioni/transfer),No,Incerto,Sì (probabile),Sì (Regiondo/GetYourGuide),2.0,4,"URL puliti, design recente; 'Book Online' con prezzi + distribuzione OTA; nessun blog. Sito già modernizzato -> prospect debole. Base Ercolano.",,No,,"HP Travel; tour operator escursioni e transfer; Ercolano; incoming per Costiera Capri Pompei; punti forza: escursioni e transfer su misura - guide - prenotazione online - copertura golfo e costiera; palette blu + arancio; sezioni: home con ricerca tour / escursioni / transfer / prenota online / chi siamo / contatti; lingue IT/EN; tono dinamico; CTA 'Prenota online' (NB: già modernizzato)"
2026-06-09,Sorrento Tourist Office,https://www.sorrentotouristoffice.com,,Web tour operator / agenzia viaggi,No,Incerto,Incerto,Sì (booking engine + pagamenti),2.0,4,"Nativo online con e-commerce escursioni (Visa/Mastercard/PayPal); sezione 'Luxury'; forte presenza SEO; nessun blog. Già ben digitalizzato -> prospect debole.",,No,,"Sorrento Tourist Office; agenzia/web tour operator; Sorrento; booking online escursioni e transfer; punti forza: e-commerce escursioni - sezione luxury - transfer e tour - pagamenti online; palette blu + bianco + oro; sezioni: home / escursioni / luxury / transfer / prenota / contatti; lingue IT/EN; tono pratico orientato al booking; CTA 'Prenota la tua escursione' (NB: già digitalizzato)"
2026-06-09,Hotel Bellevue Syrene,https://www.bellevue.it,,Hotel 5 stelle (Relais & Chateaux),No,2023+,Sì (stima),Sì (Vertical Booking),1.5,5,"DA ESCLUDERE: sito moderno e attivo, blog presente (sezione news-events), booking engine Vertical Booking; 49 camere; lusso. Non allineato ai criteri.",,No,,"(escluso - sito già moderno con blog e channel manager) Hotel Bellevue Syrene; 5 stelle Relais & Chateaux; Sorrento fronte mare; dimora storica di lusso."
2026-06-09,Ara Maris Sorrento,https://www.aramarishotel.com,,Hotel 5 stelle lusso,No,2024 (apertura),Incerto (probabile Sì),Incerto (probabile Sì),2.0,5,"DA ESCLUDERE: hotel nuovo aperto 2024, sito moderno SEO-oriented; lusso. Non è un prospect (sito già nuovo).",,No,,"(escluso - struttura e sito nuovi 2024) Ara Maris; 5 stelle lusso; Sorrento."
2026-06-09,Grand Hotel Riviera Sorrento,https://www.hotelriviera.com,,Hotel 4 stelle,No,Incerto (recente),Sì (probabile),Sì (Benvenuto Collection),3.0,5,"DA ESCLUDERE: gruppo Benvenuto Collection (CMS condiviso moderno e responsive); fronte mare, spiaggia privata; nessun blog ma sito già nuovo. (Conteggio criteri alto per traffico/vendite ma esclusione per sito moderno + channel manager.)",,No,,"(escluso - CMS gruppo Benvenuto Collection già moderno) Grand Hotel Riviera; 4 stelle; Sorrento fronte mare con spiaggia privata."
2026-06-09,Hotel Tirrenia Sorrento,https://www.hoteltirrenia.com,,Hotel 4 stelle,No,Incerto (recente),Sì (probabile),Sì (Benvenuto Collection),2.0,5,"DA ESCLUDERE: gruppo Benvenuto Collection (CMS moderno responsive); piscina infinity panoramica; sito già nuovo.",,No,,"(escluso - CMS gruppo Benvenuto Collection già moderno) Hotel Tirrenia; 4 stelle; Sorrento con piscina infinity panoramica."
2026-06-09,Sorrento Insider / Gray Line,https://www.sorrentoinsider.com,,Marketplace/portale escursioni,No,2026,Sì,Sì (Regiondo),2.0,5,"DA ESCLUDERE: piattaforma Regiondo moderna, aggregatore/marketplace (vende per più fornitori), funziona da guida/contenuti. Non prospect.",,No,,"(escluso - marketplace Regiondo moderno) Sorrento Insider / Gray Line; portale escursioni Costiera."
2026-06-09,=== RESUME POINT ===,,,,,,,,,,"STOP: città SORRENTO completata il 2026-06-09 (26 schede: 22 hotel + 4 tour operator). FATTO: verifica mirata priorità 1-2 (Prestige, Capodimonte, Royal, Excelsior Vittoria, Torres Travel, Sirenide) con link Google Maps, indirizzi (corretti: Capodimonte=Via Capodimonte 16, Royal=Via Correale 42), channel manager (per lo più Parziale; Sirenide=No) e brief demo. ANCORA INCERTO su priorità 1-2: anzianità sito (pre-2020) e mobile-friendly -> Wayback Machine e Google PageSpeed Insights NON raggiungibili in questo ambiente (403/429); chiudere con verifica manuale da browser (footer copyright + Mobile-Friendly Test + view-source per il provider del booking engine). DA FARE: (1) recuperare link Google Business reali (g.co/kgs) e rating numerico Google per priorità 1-2; (2) brief demo per priorità 1-2 pronti per OpenClaw; (3) città successive: Sant'Agnello, Massa Lubrense, Meta/Piano di Sorrento (prov. Napoli), poi Salerno città / Costiera Amalfitana (Amalfi, Positano, Maiori) e Cilento. LEGENDA 'Criteri soddisfatti' (max 5, Incerto/livello medio = 0,5): C1 sito datato pre-2020 + C2 traffico alto + C3 vendite alte + C4 assenza channel manager/mobile + C5 nessun blog. NB: traffico e vendite sono STIME qualitative (no dati numerici pubblici affidabili).",,,,
